;;;;;;;;;;;;;;;;;;;;;;;;;;;;;;;;;;;;;;;;;;;;;;;;;;;;;;;;;;;;;;;;;;;;;;;;;;;;;;;;;;;;;;;;;;;;;;;;;;;;;;;;;;;;;;;;;;;;;;;;;;;;;;;;;;;;;;;;;;;;;;;;;;;;;;;;;;;;;;;;;;;;;;;;;;;;;;;;;;;;;;;;;;;;;;;;;;;;;;;;;;;;;;;;;;;;;;;;;;;;;;;;;;;;;;;;;;;;;;;;;;;;;;;;;;;;;;;;;;
;;;;;;;;;Drumm Diameter in mm :;;;;40;40;35;35;24;24;19;19;;;;;;;;;;;;;;;;;;;;;;;;;;;;;;;;;;;;;;;;;;;;;;;;;;;;;;;;;;;;;;;;;;;;;;;;;;;;;;;;;;;;;;;;;;;;;;;;;;;;;;;;;;;;;;;;;;;;;;;;;;;;;;;;;;;;;;;;;;;;;;;;;;;;;;;;;;;;;;;;;;;;;;;;;;;;;;;;;;;;;;;;;;;;;;;;;;;;;;;;;;;;;;;;;;;;;;;;;;;;;;;;;;;;;;;;;;;;;;
Name;Rating [1-10];Cause;Rated Current [A];No Load Current [A];Stall current [A];Encoder;Weight [gr.];Gear Ratio n:1;RPM no load;RPM rated load;Torque kg*cm;stall Tourque kg*cm;Force kg;t in s for 14m;Force kg2;t in s for 14m3;Force kg ;t in s for 14m4;Force kg 5;t in s for 14m6;number;link;;;;;;;;;;;;;;;;;;;;;;;;;;;;;;;;;;;;;;;;;;;;;;;;;;;;;;;;;;;;;;;;;;;;;;;;;;;;;;;;;;;;;;;;;;;;;;;;;;;;;;;;;;;;;;;;;;;;;;;;;;;;;;;;;;;;;;;;;;;;;;;;;;;;;;;;;;;;;;;;;;;;;;;;;;;;;;;;;;;;;;;;;;;;;;;;;;;;;;;;;;;;;;;;;;;;;;;;;;;;;;;;;;;;;;;;;;;;
NFP-GM37-550-1240, 12V DC, 40W 50:1 at 12%;9;high losses;3,5;1,1;20;1;310;50;330;290,4;7,2;60;3,6;21,6;4,1;24,7;6,0;36,1;7,6;45,6;27,0;https://dcmotorpro.com/product/37mm-metal-gear-motor-model-nfp-gm37-550-en;;;;;;;;;;;;;;;;;;;;;;;;;;;;;;;;;;;;;;;;;;;;;;;;;;;;;;;;;;;;;;;;;;;;;;;;;;;;;;;;;;;;;;;;;;;;;;;;;;;;;;;;;;;;;;;;;;;;;;;;;;;;;;;;;;;;;;;;;;;;;;;;;;;;;;;;;;;;;;;;;;;;;;;;;;;;;;;;;;;;;;;;;;;;;;;;;;;;;;;;;;;;;;;;;;;;;;;;;;;;;;;;;;;;;;;;;;;;
NFP-GM37-550-1240-EN, 12V DC, 40W 50:1;8;high losses;6;1,1;20;1;310;50;330;215;15;48;7,5;25,7;8,6;29,3;12,5;42,8;15,8;54,0;28,0;https://dcmotorpro.com/product/37mm-metal-gear-motor-model-nfp-gm37-550-en;;;;;;;;;;;;;;;;;;;;;;;;;;;;;;;;;;;;;;;;;;;;;;;;;;;;;;;;;;;;;;;;;;;;;;;;;;;;;;;;;;;;;;;;;;;;;;;;;;;;;;;;;;;;;;;;;;;;;;;;;;;;;;;;;;;;;;;;;;;;;;;;;;;;;;;;;;;;;;;;;;;;;;;;;;;;;;;;;;;;;;;;;;;;;;;;;;;;;;;;;;;;;;;;;;;;;;;;;;;;;;;;;;;;;;;;;;;;
NFP-GM37-550-1221, 12V DC, 21W 50:1 at 25%;9;a bit slow;3,7;0,45;13;1;310;50;250;187,5;8,9;33;4,5;31,2;5,1;35,7;7,4;52,0;9,4;65,7;30,0;https://nfpshop.com/product/37mm-metal-gear-motor-model-nfp-gm37-545-en;;;;;;;;;;;;;;;;;;;;;;;;;;;;;;;;;;;;;;;;;;;;;;;;;;;;;;;;;;;;;;;;;;;;;;;;;;;;;;;;;;;;;;;;;;;;;;;;;;;;;;;;;;;;;;;;;;;;;;;;;;;;;;;;;;;;;;;;;;;;;;;;;;;;;;;;;;;;;;;;;;;;;;;;;;;;;;;;;;;;;;;;;;;;;;;;;;;;;;;;;;;;;;;;;;;;;;;;;;;;;;;;;;;;;;;;;;;;
NFP-GM37-550-1221-EN, 12V DC, 21W 30:1 ;8;a bit slow;3,5;0,45;13;1;310;30;250;175;8,9;33;4,5;32,5;5,1;37,1;7,4;54,1;9,4;68,4;31,0;https://nfpshop.com/product/37mm-metal-gear-motor-model-nfp-gm37-545-en;;;;;;;;;;;;;;;;;;;;;;;;;;;;;;;;;;;;;;;;;;;;;;;;;;;;;;;;;;;;;;;;;;;;;;;;;;;;;;;;;;;;;;;;;;;;;;;;;;;;;;;;;;;;;;;;;;;;;;;;;;;;;;;;;;;;;;;;;;;;;;;;;;;;;;;;;;;;;;;;;;;;;;;;;;;;;;;;;;;;;;;;;;;;;;;;;;;;;;;;;;;;;;;;;;;;;;;;;;;;;;;;;;;;;;;;;;;;
MFA 919D501;8;no encoder, out of stock;2,85;0,52;8;0;246;50;316;267;3;48;1,5;23,1;1,7;26,4;2,5;38,5;3,2;48,6;6,0;https://www.mfacomodrills.com/pdfs/919D-series.pdf;;;;;;;;;;;;;;;;;;;;;;;;;;;;;;;;;;;;;;;;;;;;;;;;;;;;;;;;;;;;;;;;;;;;;;;;;;;;;;;;;;;;;;;;;;;;;;;;;;;;;;;;;;;;;;;;;;;;;;;;;;;;;;;;;;;;;;;;;;;;;;;;;;;;;;;;;;;;;;;;;;;;;;;;;;;;;;;;;;;;;;;;;;;;;;;;;;;;;;;;;;;;;;;;;;;;;;;;;;;;;;;;;;;;;;;;;;;;
MFA 970D471;8;no encoder;2,81;0,7;8,2;0;285;47;309;256;4;47;2,0;23,9;2,3;27,3;3,3;39,8;4,2;50,3;11,0;https://www.mfacomodrills.com/pdfs/970D-series.pdf;;;;;;;;;;;;;;;;;;;;;;;;;;;;;;;;;;;;;;;;;;;;;;;;;;;;;;;;;;;;;;;;;;;;;;;;;;;;;;;;;;;;;;;;;;;;;;;;;;;;;;;;;;;;;;;;;;;;;;;;;;;;;;;;;;;;;;;;;;;;;;;;;;;;;;;;;;;;;;;;;;;;;;;;;;;;;;;;;;;;;;;;;;;;;;;;;;;;;;;;;;;;;;;;;;;;;;;;;;;;;;;;;;;;;;;;;;;;
NFP 5840-555-EN 12V 31W;8;heavy;2,6;0,7;13;1;410;17;470;380;2,2;8,8;1,1;15,9;1,3;18,2;1,8;26,5;2,3;33,5;23,0;;;;;;;;;;;;;;;;;;;;;;;;;;;;;;;;;;;;;;;;;;;;;;;;;;;;;;;;;;;;;;;;;;;;;;;;;;;;;;;;;;;;;;;;;;;;;;;;;;;;;;;;;;;;;;;;;;;;;;;;;;;;;;;;;;;;;;;;;;;;;;;;;;;;;;;;;;;;;;;;;;;;;;;;;;;;;;;;;;;;;;;;;;;;;;;;;;;;;;;;;;;;;;;;;;;;;;;;;;;;;;;;;;;;;;;;;;;;;
NFP 5840-555-EN 12V 31W;7;heavy;2,6;0,7;13;1;410;31;260;200;4;16;2,0;29,6;2,3;33,8;3,3;49,3;4,2;62,2;22,0;https://nfpshop.com/product/12v-24v-metal-gear-worm-gear-model-nfp-5840-555-en;;;;;;;;;;;;;;;;;;;;;;;;;;;;;;;;;;;;;;;;;;;;;;;;;;;;;;;;;;;;;;;;;;;;;;;;;;;;;;;;;;;;;;;;;;;;;;;;;;;;;;;;;;;;;;;;;;;;;;;;;;;;;;;;;;;;;;;;;;;;;;;;;;;;;;;;;;;;;;;;;;;;;;;;;;;;;;;;;;;;;;;;;;;;;;;;;;;;;;;;;;;;;;;;;;;;;;;;;;;;;;;;;;;;;;;;;;;;
MFA 919D301LN;6;no encoder, slow;1,4;0,26;10;0;312;30;200;175;2;54;1,0;35,8;1,1;40,9;1,7;59,7;2,1;75,4;7,0;;;;;;;;;;;;;;;;;;;;;;;;;;;;;;;;;;;;;;;;;;;;;;;;;;;;;;;;;;;;;;;;;;;;;;;;;;;;;;;;;;;;;;;;;;;;;;;;;;;;;;;;;;;;;;;;;;;;;;;;;;;;;;;;;;;;;;;;;;;;;;;;;;;;;;;;;;;;;;;;;;;;;;;;;;;;;;;;;;;;;;;;;;;;;;;;;;;;;;;;;;;;;;;;;;;;;;;;;;;;;;;;;;;;;;;;;;;;;
Pololu 4752 peak eff;6;low power;0,78;;5,5;1;200;30;330;280;1,8;14;0,9;22,1;1,0;25,2;1,5;36,8;1,9;46,5;15,0;https://eckstein-shop.de/Pololu-301-Metal-Gearmotor-37Dx68L-mm-12V-with-64CPR-EncoderHelical-Pinion;;;;;;;;;;;;;;;;;;;;;;;;;;;;;;;;;;;;;;;;;;;;;;;;;;;;;;;;;;;;;;;;;;;;;;;;;;;;;;;;;;;;;;;;;;;;;;;;;;;;;;;;;;;;;;;;;;;;;;;;;;;;;;;;;;;;;;;;;;;;;;;;;;;;;;;;;;;;;;;;;;;;;;;;;;;;;;;;;;;;;;;;;;;;;;;;;;;;;;;;;;;;;;;;;;;;;;;;;;;;;;;;;;;;;;;;;;;;
Pololu 4752 50% stall current;6;low power;2,7;;5,5;1;200;30;330;155;7,2;14;3,6;31,7;4,1;36,2;6,0;52,8;7,6;66,7;16,0;https://eckstein-shop.de/Pololu-301-Metal-Gearmotor-37Dx68L-mm-12V-with-64CPR-EncoderHelical-Pinion;;;;;;;;;;;;;;;;;;;;;;;;;;;;;;;;;;;;;;;;;;;;;;;;;;;;;;;;;;;;;;;;;;;;;;;;;;;;;;;;;;;;;;;;;;;;;;;;;;;;;;;;;;;;;;;;;;;;;;;;;;;;;;;;;;;;;;;;;;;;;;;;;;;;;;;;;;;;;;;;;;;;;;;;;;;;;;;;;;;;;;;;;;;;;;;;;;;;;;;;;;;;;;;;;;;;;;;;;;;;;;;;;;;;;;;;;;;;
Modelcraft RB350018-2A723R;5;low friction / low gear ratio;2,2;0,29;9,4;0;;18;333;263;4;21;2,0;22,7;2,3;26,0;3,3;37,9;4,2;47,9;1,0;https://www.conrad.de/de/p/modelcraft-rb350018-2a723r-hochleistungsgetriebemotor-12-v-18-1-233131.html;;;;;;;;;;;;;;;;;;;;;;;;;;;;;;;;;;;;;;;;;;;;;;;;;;;;;;;;;;;;;;;;;;;;;;;;;;;;;;;;;;;;;;;;;;;;;;;;;;;;;;;;;;;;;;;;;;;;;;;;;;;;;;;;;;;;;;;;;;;;;;;;;;;;;;;;;;;;;;;;;;;;;;;;;;;;;;;;;;;;;;;;;;;;;;;;;;;;;;;;;;;;;;;;;;;;;;;;;;;;;;;;;;;;;;;;;;;;
NFP-GM37-550-1240, 12V DC, 40W 30:1;5;too fast / to low torque;6;1,1;20;1;310;30;550;360;9;29;4,5;15,4;5,1;17,6;7,5;25,6;9,5;32,3;26,0;;;;;;;;;;;;;;;;;;;;;;;;;;;;;;;;;;;;;;;;;;;;;;;;;;;;;;;;;;;;;;;;;;;;;;;;;;;;;;;;;;;;;;;;;;;;;;;;;;;;;;;;;;;;;;;;;;;;;;;;;;;;;;;;;;;;;;;;;;;;;;;;;;;;;;;;;;;;;;;;;;;;;;;;;;;;;;;;;;;;;;;;;;;;;;;;;;;;;;;;;;;;;;;;;;;;;;;;;;;;;;;;;;;;;;;;;;;;;
NFP-GM37-550-1221, 12V DC, 21W 18:1;5;low gear ratio / low tourqe;3,5;0,45;13;1;310;18;415;280;5,5;20;2,8;20,0;3,1;22,8;4,6;33,3;5,8;42,1;29,0;https://nfpshop.com/product/37mm-metal-gear-motor-model-nfp-gm37-545-en;;;;;;;;;;;;;;;;;;;;;;;;;;;;;;;;;;;;;;;;;;;;;;;;;;;;;;;;;;;;;;;;;;;;;;;;;;;;;;;;;;;;;;;;;;;;;;;;;;;;;;;;;;;;;;;;;;;;;;;;;;;;;;;;;;;;;;;;;;;;;;;;;;;;;;;;;;;;;;;;;;;;;;;;;;;;;;;;;;;;;;;;;;;;;;;;;;;;;;;;;;;;;;;;;;;;;;;;;;;;;;;;;;;;;;;;;;;;
GM32U360;5;low friction high cost;1,6;;10;0;362;14;430;360;2,4;;1,2;17,1;1,4;19,5;2,0;28,4;2,5;35,9;40,0;https://www.servonaut.de/shop/de/product_info.php?info=p604_getriebemotor-gm32u360.html;;;;;;;;;;;;;;;;;;;;;;;;;;;;;;;;;;;;;;;;;;;;;;;;;;;;;;;;;;;;;;;;;;;;;;;;;;;;;;;;;;;;;;;;;;;;;;;;;;;;;;;;;;;;;;;;;;;;;;;;;;;;;;;;;;;;;;;;;;;;;;;;;;;;;;;;;;;;;;;;;;;;;;;;;;;;;;;;;;;;;;;;;;;;;;;;;;;;;;;;;;;;;;;;;;;;;;;;;;;;;;;;;;;;;;;;;;;;
GM32U360 peak;5;low friction high cost;5;;10;0;362;14;430;214;8,8;;4,4;23,4;5,0;26,7;7,3;39,0;9,3;49,2;41,0;https://www.servonaut.de/shop/de/product_info.php?info=p604_getriebemotor-gm32u360.html;;;;;;;;;;;;;;;;;;;;;;;;;;;;;;;;;;;;;;;;;;;;;;;;;;;;;;;;;;;;;;;;;;;;;;;;;;;;;;;;;;;;;;;;;;;;;;;;;;;;;;;;;;;;;;;;;;;;;;;;;;;;;;;;;;;;;;;;;;;;;;;;;;;;;;;;;;;;;;;;;;;;;;;;;;;;;;;;;;;;;;;;;;;;;;;;;;;;;;;;;;;;;;;;;;;;;;;;;;;;;;;;;;;;;;;;;;;;
MFA 950D501;4;low power;1;0,18;5,5;0;159;50;233;197;2,6;26;1,3;31,3;1,5;35,8;2,2;52,2;2,7;65,9;8,0;https://www.mfacomodrills.com/pdfs/950D-series.pdf;;;;;;;;;;;;;;;;;;;;;;;;;;;;;;;;;;;;;;;;;;;;;;;;;;;;;;;;;;;;;;;;;;;;;;;;;;;;;;;;;;;;;;;;;;;;;;;;;;;;;;;;;;;;;;;;;;;;;;;;;;;;;;;;;;;;;;;;;;;;;;;;;;;;;;;;;;;;;;;;;;;;;;;;;;;;;;;;;;;;;;;;;;;;;;;;;;;;;;;;;;;;;;;;;;;;;;;;;;;;;;;;;;;;;;;;;;;;
Pololu 4753 peak eff;4;slow and low power;0,78;;5,5;1;200;50;200;130;7;21;3,5;42,4;4,0;48,5;5,8;70,7;7,4;89,3;17,0;https://www.pololu.com/file/0J1736/pololu-37d-metal-gearmotors-rev-1-2.pdf;;;;;;;;;;;;;;;;;;;;;;;;;;;;;;;;;;;;;;;;;;;;;;;;;;;;;;;;;;;;;;;;;;;;;;;;;;;;;;;;;;;;;;;;;;;;;;;;;;;;;;;;;;;;;;;;;;;;;;;;;;;;;;;;;;;;;;;;;;;;;;;;;;;;;;;;;;;;;;;;;;;;;;;;;;;;;;;;;;;;;;;;;;;;;;;;;;;;;;;;;;;;;;;;;;;;;;;;;;;;;;;;;;;;;;;;;;;;
Pololu 4753 50% stall;4;low power;2,7;;5,5;1;200;50;200;98;10;21;5,0;50,8;5,7;58,1;8,3;84,7;10,5;107,0;18,0;https://www.pololu.com/file/0J1736/pololu-37d-metal-gearmotors-rev-1-2.pdf;;;;;;;;;;;;;;;;;;;;;;;;;;;;;;;;;;;;;;;;;;;;;;;;;;;;;;;;;;;;;;;;;;;;;;;;;;;;;;;;;;;;;;;;;;;;;;;;;;;;;;;;;;;;;;;;;;;;;;;;;;;;;;;;;;;;;;;;;;;;;;;;;;;;;;;;;;;;;;;;;;;;;;;;;;;;;;;;;;;;;;;;;;;;;;;;;;;;;;;;;;;;;;;;;;;;;;;;;;;;;;;;;;;;;;;;;;;;
NFP-JGB37-31ZY-1280 12V 16W 30:1;4;slow and low power;1,4;0,3;4,2;1;260;30;267;220;3,6;15;1,8;27,7;2,1;31,7;3,0;46,2;3,8;58,3;24,0;https://microdcmotors.com/product/12v-24v-small-geared-dc-electric-motor-with-encoder-model-nfp-jgb37-31zy-en;;;;;;;;;;;;;;;;;;;;;;;;;;;;;;;;;;;;;;;;;;;;;;;;;;;;;;;;;;;;;;;;;;;;;;;;;;;;;;;;;;;;;;;;;;;;;;;;;;;;;;;;;;;;;;;;;;;;;;;;;;;;;;;;;;;;;;;;;;;;;;;;;;;;;;;;;;;;;;;;;;;;;;;;;;;;;;;;;;;;;;;;;;;;;;;;;;;;;;;;;;;;;;;;;;;;;;;;;;;;;;;;;;;;;;;;;;;;
GB37Y3530-12V-251R at 25% stall;4;slow and low tourqe;2,1;0,35;7;1;205;43,8;251;188;4,5;18;2,3;31,1;2,6;35,5;3,8;51,8;4,7;65,4;35,0;https://www.dfrobot.com/product-634.html;;;;;;;;;;;;;;;;;;;;;;;;;;;;;;;;;;;;;;;;;;;;;;;;;;;;;;;;;;;;;;;;;;;;;;;;;;;;;;;;;;;;;;;;;;;;;;;;;;;;;;;;;;;;;;;;;;;;;;;;;;;;;;;;;;;;;;;;;;;;;;;;;;;;;;;;;;;;;;;;;;;;;;;;;;;;;;;;;;;;;;;;;;;;;;;;;;;;;;;;;;;;;;;;;;;;;;;;;;;;;;;;;;;;;;;;;;;;
GB37Y3530-12V-251R at 50% stall;4;slow and low tourqe;3,85;0,35;7;1;205;43,8;251;126;9;18;4,5;39,9;5,1;45,7;7,5;66,6;9,5;84,1;36,0;https://www.dfrobot.com/product-634.html;;;;;;;;;;;;;;;;;;;;;;;;;;;;;;;;;;;;;;;;;;;;;;;;;;;;;;;;;;;;;;;;;;;;;;;;;;;;;;;;;;;;;;;;;;;;;;;;;;;;;;;;;;;;;;;;;;;;;;;;;;;;;;;;;;;;;;;;;;;;;;;;;;;;;;;;;;;;;;;;;;;;;;;;;;;;;;;;;;;;;;;;;;;;;;;;;;;;;;;;;;;;;;;;;;;;;;;;;;;;;;;;;;;;;;;;;;;;
MFA 950D301LN;3;low power;1;;5;0;202;30;240;198;3;20;1,5;30,8;1,7;35,2;2,5;51,3;3,2;64,9;9,0;https://www.mfacomodrills.com/pdfs/950DLN-series.pdf;;;;;;;;;;;;;;;;;;;;;;;;;;;;;;;;;;;;;;;;;;;;;;;;;;;;;;;;;;;;;;;;;;;;;;;;;;;;;;;;;;;;;;;;;;;;;;;;;;;;;;;;;;;;;;;;;;;;;;;;;;;;;;;;;;;;;;;;;;;;;;;;;;;;;;;;;;;;;;;;;;;;;;;;;;;;;;;;;;;;;;;;;;;;;;;;;;;;;;;;;;;;;;;;;;;;;;;;;;;;;;;;;;;;;;;;;;;;
Bringsmart;3;low tourqe and low power, heavy;1,5;0,35;6,5;0;350;;400;370;2;8;1,0;17,4;1,1;19,9;1,7;29,0;2,1;36,6;20,0;;;;;;;;;;;;;;;;;;;;;;;;;;;;;;;;;;;;;;;;;;;;;;;;;;;;;;;;;;;;;;;;;;;;;;;;;;;;;;;;;;;;;;;;;;;;;;;;;;;;;;;;;;;;;;;;;;;;;;;;;;;;;;;;;;;;;;;;;;;;;;;;;;;;;;;;;;;;;;;;;;;;;;;;;;;;;;;;;;;;;;;;;;;;;;;;;;;;;;;;;;;;;;;;;;;;;;;;;;;;;;;;;;;;;;;;;;;;;
NFP-GM37-545-EN   12V DC,  19W;3;low gear ratio;1,5;;8;1;290;18,8;300;250;0,9;;0,5;24,5;0,5;28,0;0,8;40,8;0,9;51,6;33,0;https://microdcmotors.com/product/12v-24v-small-geared-dc-electric-motor-with-encoder-model-nfp-jgb37-31zy-en;;;;;;;;;;;;;;;;;;;;;;;;;;;;;;;;;;;;;;;;;;;;;;;;;;;;;;;;;;;;;;;;;;;;;;;;;;;;;;;;;;;;;;;;;;;;;;;;;;;;;;;;;;;;;;;;;;;;;;;;;;;;;;;;;;;;;;;;;;;;;;;;;;;;;;;;;;;;;;;;;;;;;;;;;;;;;;;;;;;;;;;;;;;;;;;;;;;;;;;;;;;;;;;;;;;;;;;;;;;;;;;;;;;;;;;;;;;;
NFP-GM37-545-EN   12V DC,  19W;3;too slow;1,5;;8;1;290;30;190;160;3;12;1,5;38,5;1,7;44,0;2,5;64,1;3,2;81,0;34,0;;;;;;;;;;;;;;;;;;;;;;;;;;;;;;;;;;;;;;;;;;;;;;;;;;;;;;;;;;;;;;;;;;;;;;;;;;;;;;;;;;;;;;;;;;;;;;;;;;;;;;;;;;;;;;;;;;;;;;;;;;;;;;;;;;;;;;;;;;;;;;;;;;;;;;;;;;;;;;;;;;;;;;;;;;;;;;;;;;;;;;;;;;;;;;;;;;;;;;;;;;;;;;;;;;;;;;;;;;;;;;;;;;;;;;;;;;;;;
Modelcraft RB350030-0A101R;2;slow and low power;2,10;0,08;2,1;;;30;200;174;2;6;1,0;35,9;1,1;41,1;1,7;59,9;2,1;75,6;2,0;;;;;;;;;;;;;;;;;;;;;;;;;;;;;;;;;;;;;;;;;;;;;;;;;;;;;;;;;;;;;;;;;;;;;;;;;;;;;;;;;;;;;;;;;;;;;;;;;;;;;;;;;;;;;;;;;;;;;;;;;;;;;;;;;;;;;;;;;;;;;;;;;;;;;;;;;;;;;;;;;;;;;;;;;;;;;;;;;;;;;;;;;;;;;;;;;;;;;;;;;;;;;;;;;;;;;;;;;;;;;;;;;;;;;;;;;;;;;
Modelcraft RB350050-22723R;2;too slow;0,8;;9,4;0;;50;120;109;3;;1,5;58,5;1,7;66,9;2,5;97,5;3,2;123,2;3,0;https://www.conrad.de/de/p/modelcraft-rb350018-2a723r-hochleistungsgetriebemotor-12-v-18-1-233131.html;;;;;;;;;;;;;;;;;;;;;;;;;;;;;;;;;;;;;;;;;;;;;;;;;;;;;;;;;;;;;;;;;;;;;;;;;;;;;;;;;;;;;;;;;;;;;;;;;;;;;;;;;;;;;;;;;;;;;;;;;;;;;;;;;;;;;;;;;;;;;;;;;;;;;;;;;;;;;;;;;;;;;;;;;;;;;;;;;;;;;;;;;;;;;;;;;;;;;;;;;;;;;;;;;;;;;;;;;;;;;;;;;;;;;;;;;;;;
MFA 919D1481;2;too slow;2,85;0,52;8;0;255;148;106;90;6;142;3,0;68,7;3,4;78,5;5,0;114,4;6,3;144,6;4,0;https://www.mfacomodrills.com/pdfs/919D-series.pdf;;;;;;;;;;;;;;;;;;;;;;;;;;;;;;;;;;;;;;;;;;;;;;;;;;;;;;;;;;;;;;;;;;;;;;;;;;;;;;;;;;;;;;;;;;;;;;;;;;;;;;;;;;;;;;;;;;;;;;;;;;;;;;;;;;;;;;;;;;;;;;;;;;;;;;;;;;;;;;;;;;;;;;;;;;;;;;;;;;;;;;;;;;;;;;;;;;;;;;;;;;;;;;;;;;;;;;;;;;;;;;;;;;;;;;;;;;;;
MFA 919D1001;2;too slow;2,85;0,52;8;0;255;100;158;133;6;96;3,0;46,3;3,4;52,9;5,0;77,1;6,3;97,4;5,0;https://www.mfacomodrills.com/pdfs/919D-series.pdf;;;;;;;;;;;;;;;;;;;;;;;;;;;;;;;;;;;;;;;;;;;;;;;;;;;;;;;;;;;;;;;;;;;;;;;;;;;;;;;;;;;;;;;;;;;;;;;;;;;;;;;;;;;;;;;;;;;;;;;;;;;;;;;;;;;;;;;;;;;;;;;;;;;;;;;;;;;;;;;;;;;;;;;;;;;;;;;;;;;;;;;;;;;;;;;;;;;;;;;;;;;;;;;;;;;;;;;;;;;;;;;;;;;;;;;;;;;;
MFA 970D1561;2;too slow;2,81;0,7;8,2;0;293;156;93;77,2;3;156;1,5;79,2;1,7;90,6;2,5;132,1;3,2;166,8;10,0;https://www.mfacomodrills.com/pdfs/970D-series.pdf;;;;;;;;;;;;;;;;;;;;;;;;;;;;;;;;;;;;;;;;;;;;;;;;;;;;;;;;;;;;;;;;;;;;;;;;;;;;;;;;;;;;;;;;;;;;;;;;;;;;;;;;;;;;;;;;;;;;;;;;;;;;;;;;;;;;;;;;;;;;;;;;;;;;;;;;;;;;;;;;;;;;;;;;;;;;;;;;;;;;;;;;;;;;;;;;;;;;;;;;;;;;;;;;;;;;;;;;;;;;;;;;;;;;;;;;;;;;
MFA 980D471;2;slow and low power;1;;4,6;0;189;47;248;209;2,43;24;1,2;29,5;1,4;33,7;2,0;49,1;2,6;62,0;12,0;https://www.mfacomodrills.com/pdfs/970D-series.pdf;;;;;;;;;;;;;;;;;;;;;;;;;;;;;;;;;;;;;;;;;;;;;;;;;;;;;;;;;;;;;;;;;;;;;;;;;;;;;;;;;;;;;;;;;;;;;;;;;;;;;;;;;;;;;;;;;;;;;;;;;;;;;;;;;;;;;;;;;;;;;;;;;;;;;;;;;;;;;;;;;;;;;;;;;;;;;;;;;;;;;;;;;;;;;;;;;;;;;;;;;;;;;;;;;;;;;;;;;;;;;;;;;;;;;;;;;;;;
PO4844;2;low  power;0,8;;5;1;;34;300;260;1,6;11;0,8;24,0;0,9;27,4;1,3;40,0;1,7;50,5;14,0;https://eckstein-shop.de/Pololu-341-Metal-Gearmotor-25Dx67L-mm-HP-12V-with-48-CPR-Encoder;;;;;;;;;;;;;;;;;;;;;;;;;;;;;;;;;;;;;;;;;;;;;;;;;;;;;;;;;;;;;;;;;;;;;;;;;;;;;;;;;;;;;;;;;;;;;;;;;;;;;;;;;;;;;;;;;;;;;;;;;;;;;;;;;;;;;;;;;;;;;;;;;;;;;;;;;;;;;;;;;;;;;;;;;;;;;;;;;;;;;;;;;;;;;;;;;;;;;;;;;;;;;;;;;;;;;;;;;;;;;;;;;;;;;;;;;;;;
Bringsmart;2;too slow, low power, heavy;1,5;0,35;6,5;0;350;;200;208;5;15;2,5;32,8;2,9;37,5;4,2;54,6;5,3;69,0;19,0;https://www.amazon.de/dp/B0BGRBN5MW/?coliid=I27B9KTVWVWZOF&colid=23RGDI7NRDSEC&psc=1&ref_=list_c_wl_lv_ov_lig_dp_it;;;;;;;;;;;;;;;;;;;;;;;;;;;;;;;;;;;;;;;;;;;;;;;;;;;;;;;;;;;;;;;;;;;;;;;;;;;;;;;;;;;;;;;;;;;;;;;;;;;;;;;;;;;;;;;;;;;;;;;;;;;;;;;;;;;;;;;;;;;;;;;;;;;;;;;;;;;;;;;;;;;;;;;;;;;;;;;;;;;;;;;;;;;;;;;;;;;;;;;;;;;;;;;;;;;;;;;;;;;;;;;;;;;;;;;;;;;;
‎Walfrontoz6m9wr354-05;2;too slow;0,6;;;1;165;40;100;100;1,5;6,4;0,8;66,8;0,9;76,4;1,3;111,4;1,6;140,7;21,0;https://www.amazon.de/Hochdrehmoment-Turbo-Wurm-Getriebemotor-Geschwindigkeitsreduzierung-Selbstverriegelung/dp/B075575BJH/ref=sr_1_16?__mk_de_DE=ÅMÅŽÕÑ&crid=26OK14EIOS0W5&keywords=12v%2Bmotor%2Bselbsthemmend&qid=1706903721&sprefix=12v%2Bmotor%2Bselbsthemmend%2Caps%2C87&sr=8-16&th=1;;;;;;;;;;;;;;;;;;;;;;;;;;;;;;;;;;;;;;;;;;;;;;;;;;;;;;;;;;;;;;;;;;;;;;;;;;;;;;;;;;;;;;;;;;;;;;;;;;;;;;;;;;;;;;;;;;;;;;;;;;;;;;;;;;;;;;;;;;;;;;;;;;;;;;;;;;;;;;;;;;;;;;;;;;;;;;;;;;;;;;;;;;;;;;;;;;;;;;;;;;;;;;;;;;;;;;;;;;;;;;;;;;;;;;;;;;;;
NFP-JGB37-31ZY-1280 12V 16W 56:1;2;too slow and low power;1,4;0,3;4,2;1;260;56;143;118;6,8;28;3,4;51,7;3,9;59,1;5,7;86,2;7,2;108,8;25,0;https://microdcmotors.com/product/12v-24v-small-geared-dc-electric-motor-with-encoder-model-nfp-jgb37-31zy-en;;;;;;;;;;;;;;;;;;;;;;;;;;;;;;;;;;;;;;;;;;;;;;;;;;;;;;;;;;;;;;;;;;;;;;;;;;;;;;;;;;;;;;;;;;;;;;;;;;;;;;;;;;;;;;;;;;;;;;;;;;;;;;;;;;;;;;;;;;;;;;;;;;;;;;;;;;;;;;;;;;;;;;;;;;;;;;;;;;;;;;;;;;;;;;;;;;;;;;;;;;;;;;;;;;;;;;;;;;;;;;;;;;;;;;;;;;;;
GA37RG24i;2;too slow ;0,6;;;0;;24;200;120;1;;0,5;44,6;0,6;50,9;0,8;74,3;1,1;93,8;37,0;;;;;;;;;;;;;;;;;;;;;;;;;;;;;;;;;;;;;;;;;;;;;;;;;;;;;;;;;;;;;;;;;;;;;;;;;;;;;;;;;;;;;;;;;;;;;;;;;;;;;;;;;;;;;;;;;;;;;;;;;;;;;;;;;;;;;;;;;;;;;;;;;;;;;;;;;;;;;;;;;;;;;;;;;;;;;;;;;;;;;;;;;;;;;;;;;;;;;;;;;;;;;;;;;;;;;;;;;;;;;;;;;;;;;;;;;;;;;
NFP-GM37-545-EN   12V DC,  19W;1;low gear ratio;1,5;;8;1;290;10;570;480;0,9;;0,5;12,8;0,5;14,7;0,8;21,4;0,9;27,0;32,0;https://microdcmotors.com/product/12v-24v-small-geared-dc-electric-motor-with-encoder-model-nfp-jgb37-31zy-en;;;;;;;;;;;;;;;;;;;;;;;;;;;;;;;;;;;;;;;;;;;;;;;;;;;;;;;;;;;;;;;;;;;;;;;;;;;;;;;;;;;;;;;;;;;;;;;;;;;;;;;;;;;;;;;;;;;;;;;;;;;;;;;;;;;;;;;;;;;;;;;;;;;;;;;;;;;;;;;;;;;;;;;;;;;;;;;;;;;;;;;;;;;;;;;;;;;;;;;;;;;;;;;;;;;;;;;;;;;;;;;;;;;;;;;;;;;;
GM32U280;1;very low power;0,53;0,15;2,2;0;362;19;342;279;0,91;;0,5;21,8;0,5;24,9;0,8;36,3;1,0;45,8;38,0;https://www.servonaut.de/shop/de/product_info.php?info=p604_getriebemotor-gm32u360.html;;;;;;;;;;;;;;;;;;;;;;;;;;;;;;;;;;;;;;;;;;;;;;;;;;;;;;;;;;;;;;;;;;;;;;;;;;;;;;;;;;;;;;;;;;;;;;;;;;;;;;;;;;;;;;;;;;;;;;;;;;;;;;;;;;;;;;;;;;;;;;;;;;;;;;;;;;;;;;;;;;;;;;;;;;;;;;;;;;;;;;;;;;;;;;;;;;;;;;;;;;;;;;;;;;;;;;;;;;;;;;;;;;;;;;;;;;;;
GM32U280 peak;1;very low power;1,1;0,15;2,2;0;362;19;342;171;2,4;;1,2;29,3;1,4;33,5;2,0;48,9;2,5;61,7;39,0;https://www.servonaut.de/shop/de/product_info.php?info=p604_getriebemotor-gm32u360.html;;;;;;;;;;;;;;;;;;;;;;;;;;;;;;;;;;;;;;;;;;;;;;;;;;;;;;;;;;;;;;;;;;;;;;;;;;;;;;;;;;;;;;;;;;;;;;;;;;;;;;;;;;;;;;;;;;;;;;;;;;;;;;;;;;;;;;;;;;;;;;;;;;;;;;;;;;;;;;;;;;;;;;;;;;;;;;;;;;;;;;;;;;;;;;;;;;;;;;;;;;;;;;;;;;;;;;;;;;;;;;;;;;;;;;;;;;;;
VT-P-T37A-12-100;0;too slow, very low power;0,2;0,06;2,2;0;140;65;92;70;2,5;13;1,3;84,1;1,4;96,1;2,1;140,1;2,6;177,0;13,0;https://eckstein-shop.de/V-TEC12V6mmAntriebwelleDCMotorGleichstromSchneckengetriebemotor100RPM;;;;;;;;;;;;;;;;;;;;;;;;;;;;;;;;;;;;;;;;;;;;;;;;;;;;;;;;;;;;;;;;;;;;;;;;;;;;;;;;;;;;;;;;;;;;;;;;;;;;;;;;;;;;;;;;;;;;;;;;;;;;;;;;;;;;;;;;;;;;;;;;;;;;;;;;;;;;;;;;;;;;;;;;;;;;;;;;;;;;;;;;;;;;;;;;;;;;;;;;;;;;;;;;;;;;;;;;;;;;;;;;;;;;;;;;;;;;